﻿<?xml version="1.0" encoding="utf-8" ?>
<quizz label="Create a Quiz" color="#01AABF" textColor="#fff" xmlns:xsi="http://www.w3.org/2001/XMLSchema-instance" xmlns:xsd="http://www.w3.org/2001/XMLSchema">

  <sections>
    <section id="page">page sample</section>
    <section id="infoPage">infoPage sample</section>
    <section id="numericSliderPage">numericSliderPage sample</section>
    <section id="labelSliderPage">labelSliderPage sample</section>
    <section id="imageSliderPage">imageSliderPage sample</section>
    <section id="imageAnswer">questionPage/imageAnswer sample</section>
    <section id="questionPage">questionPage sample</section>
    <section id="allowMultiple">questionPage/allowMultiple sample</section>
    <section id="scoresResultPage">scoresResultPage sample</section>
    <section id="orderPage"></section>
    <section id="page+visual">page 4 with visual</section>
    <section id="videoPage">videoPage</section>
  </sections>

  <pages>
    <page sectionId="page" label="Hello and welcome in this sample quiz"></page>

    <infoPage sectionId="infoPage" label="Please type in your name and surname">
      <info label="Name"/>
      <info label="Surname"/>
    </infoPage>

    <numericSliderPage sectionId="numericSliderPage" label="Choose a numeric value for your budget" min="0" max="5000000" stepSize="5000" format="C0" valueKey="finance.budget" />

    <labelSliderPage sectionId="labelSliderPage" label="Grade between 0 and 5 with a label slider">
      <answer>0</answer>
      <answer>1</answer>
      <answer>2</answer>
      <answer>3</answer>
      <answer>4</answer>
      <answer>5</answer>
    </labelSliderPage>

    <labelSliderPage sectionId="labelSliderPage" label="Or you can choose a frequency with text values">
      <answer>Never</answer>
      <answer>Sometimes</answer>
      <answer>Often</answer>
      <answer>Always</answer>
    </labelSliderPage>

    <imageSliderPage sectionId="imageSliderPage" label="Are you more a cat or a tiger" leftVisual="bebechat" rightVisual="tiger" stepQuantity="10"/>

    <page sectionId="page" label="Let us continue with a scored quiz. Your next answers will influence the end of the quiz!"></page>

    <questionPage sectionId="imageAnswer" sideVisual="who" label="What animal are you?">
      <imageAnswer score="10" visual="elephant">Elephant</imageAnswer>
      <imageAnswer score="20" visual="zebre">Zebra</imageAnswer>
      <imageAnswer score="30" visual="hippo">Hippopotamus</imageAnswer>
    </questionPage>

    <questionPage sectionId="questionPage" sideVisual="color" label="What is your favorite color?">
      <answer score="1">Pink</answer>
      <answer score="4">Yellow</answer>
      <answer score="7">Blue</answer>
    </questionPage>

    <questionPage sectionId="allowMultiple" allowMultiple ="true" sideVisual="cookies" label="What are your favorite treats?">
      <answer score="50">Chocolate</answer>
      <answer score="50">Candy</answer>
      <answer score="50">Ice cream</answer>
    </questionPage>

    <scoresResultPage label="scoresResultPage">
      <scoreResult title="You are a elephant" scoreMax="67">
        You are a elephant,pink, yellow or blue and you do not have a sweet tooth.
      </scoreResult>
      <scoreResult title="You are a zebra" scoreMax="77">
        You are a zebra,pink, yellow or blue and you do not have a sweet tooth.
      </scoreResult>
      <scoreResult title="You are a hippopotamus" scoreMax="87">
        You are a hippopotamus,pink, yellow or blue and you are do not have a sweet tooth.
      </scoreResult>
      <scoreResult title="GREEDY" scoreMax="240">
        Whatever kind of animal you are, you are one with a sweet tooth!
      </scoreResult>
    </scoresResultPage>

    <orderPage sectionId="orderPage" label="What you preferred page type in this sampe quiz? Choose at least 3 answers to continue." answerNumber="3">
      <answer>numericSliderPage</answer>
      <answer>labelSliderPage</answer>
      <answer>imageSliderPage</answer>
      <answer>questionPage</answer>
      <answer>scoresResultPage</answer>
      <answer>This page: orderPage</answer>
    </orderPage>

    <videoPage content="Congratulations" disableSkip="false" endAction="FadeToNextPage">
    </videoPage>

    <page sectionId="page+visual" visual="Einstein_laughing"></page>
  </pages>
</quizz>